{
    "macro_f1": 0.8734840844445184,
    "train_time_seconds": 193.38244104385376,
    "timestamp": "2026-03-03T19:50:42.141942"
}