{
    "macro_f1": 0.8734840844445184,
    "train_time_seconds": 193.01050972938538,
    "timestamp": "2026-04-07T17:53:13.107843"
}