{
    "macro_f1": 0.7905994356881386,
    "train_time_seconds": 30.983465671539307,
    "timestamp": "2026-02-18T11:51:33.146010"
}