{
    "macro_f1": 0.8734840844445183,
    "train_time_seconds": 212.05676221847534,
    "timestamp": "2026-02-21T12:45:50.587806"
}