{
    "macro_f1": 0.39805178854836987,
    "train_time_seconds": 2.6855309009552,
    "timestamp": "2026-04-09T20:30:45.233540"
}