{
    "macro_f1": 0.8733522405286398,
    "train_time_seconds": 57.71212553977966,
    "timestamp": "2026-02-18T11:26:26.731179"
}